gene_symbol,HGNC_ID,tx_id
BBS2,HGNC:967,NM_031885.5
APC,HGNC:583,NM_000038.6
NF1,HGNC:7765,NM_001042492.3
KIF14,HGNC:19181,NM_014875.3
TECTA,HGNC:11720,NM_005422.4
PKHD1,HGNC:9016,NM_138694.4
IL2RG,HGNC:6010,NM_000206.3
PRKDC,HGNC:9413,NM_006904.7
CDH23,HGNC:13733,NM_022124.6
SPTAN1,HGNC:11273,NM_001130438.3
DYNC1H1,HGNC:2961,NM_001376.5
ASPH,HGNC:757,NM_004318.4
TTN,HGNC:12403,NM_001267550.2
DEPDC5,HGNC:18423,NM_001242896.3
PMS2,HGNC:9122,NM_000535.7
KIF1A,HGNC:888,NM_001244008.2
CTU2,HGNC:28005,NM_001012759.3
CYP21A2,HGNC:2600,NM_000500.9
HPS5,HGNC:17022,NM_181507.2
COL6A3,HGNC:2213,NM_004369.4
COL5A1,HGNC:2209,NM_000093.5
EIF2AK4,HGNC:19687,NM_001013703.4
NIPBL,HGNC:28862,NM_133433.4
KDSR,HGNC:4021,NM_002035.4
LRRK2,HGNC:18618,NM_198578.4
TRPV4,HGNC:18083,NM_021625.5
SCN1A,HGNC:10585,NM_001165963.4
LAMA2,HGNC:6482,NM_000426.4
DICER1,HGNC:17098,NM_177438.3
NBAS,HGNC:15625,NM_015909.4
DDX3X,HGNC:2745,NM_001356.5
SLC26A4,HGNC:8818,NM_000441.2
KCNT1,HGNC:18865,NM_020822.3
GATA4,HGNC:4173,NM_001308093.3
ARID1B,HGNC:18040,NM_001374828.1
RNASEH2A,HGNC:18518,NM_006397.3
TP53,HGNC:11998,NM_000546.6
ABCA4,HGNC:34,NM_000350.3
NEB,HGNC:7720,NM_001164508.2
VCAN,HGNC:2464,NM_004385.5
RTEL1,HGNC:15888,NM_001283009.2
POLG,HGNC:9179,NM_002693.3
OCLN,HGNC:8104,NM_001205254.2
KMT2D,HGNC:7133,NM_003482.4
BEST1,HGNC:12703,NM_004183.4
POLR3A,HGNC:30074,NM_007055.4
COL1A1,HGNC:2197,NM_000088.4
ARMC9,HGNC:20730,NM_001352754.2
MECP2,HGNC:6990,NM_001110792.2
ITGB3,HGNC:6156,NM_000212.3
SAMD9L,HGNC:1349,NM_152703.5
SDHB,HGNC:10681,NM_003000.3
CDH1,HGNC:1748,NM_004360.5
STK11,HGNC:11389,NM_000455.5
TTC8,HGNC:20087,NM_144596.4
DNAH11,HGNC:2942,NM_001277115.2
SYNGAP1,HGNC:11497,NM_006772.3
ATM,HGNC:795,NM_000051.4
TOE1,HGNC:15954,NM_025077.4
POLQ,HGNC:9186,NM_199420.4
MED12,HGNC:11957,NM_005120.3
WDR35,HGNC:29250,NM_020779.4
MYBPC3,HGNC:7551,NM_000256.3
RP1L1,HGNC:15946,NM_178857.6
MCM3AP,HGNC:6946,NM_003906.5
FANCA,HGNC:3582,NM_000135.4
PLEC,HGNC:9069,NM_201384.3
FOXP1,HGNC:3823,NM_001349338.3
VPS13B,HGNC:2183,NM_152564.5
HSD17B4,HGNC:5213,NM_000414.4
KCNH2,HGNC:6251,NM_000238.4
CFTR,HGNC:1884,NM_000492.4
RECQL4,HGNC:9949,NM_004260.4
IDS,HGNC:5389,NM_000202.8
IL7R,HGNC:6024,NM_002185.5
DYSF,HGNC:3097,NM_001130987.2
FANCL,HGNC:20748,NM_018062.4
DNAH5,HGNC:2950,NM_001369.3
BRIP1,HGNC:20473,NM_032043.3
CACNA1H,HGNC:1395,NM_021098.3
IFT57,HGNC:17367,NM_018010.4
EFTUD2,HGNC:30858,NM_004247.4
MIA3,HGNC:24008,NM_198551.4
TMEM67,HGNC:28396,NM_153704.6
USH2A,HGNC:12601,NM_206933.4
VPS13A,HGNC:1908,NM_033305.3
CIC,HGNC:14214,NM_001386298.1
AKAP9,HGNC:379,NM_005751.5
RYR2,HGNC:10484,NM_001035.3
ALDH7A1,HGNC:877,NM_001182.5
DSP,HGNC:3052,NM_004415.4
KAT6B,HGNC:17582,NM_012330.4
ATP7B,HGNC:870,NM_000053.4
BRAT1,HGNC:21701,NM_152743.4
COL11A1,HGNC:2186,NM_001854.4
NALCN,HGNC:19082,NM_052867.4
BARD1,HGNC:952,NM_000465.4
COL4A3,HGNC:2204,NM_000091.5
RB1,HGNC:9884,NM_000321.3
ACADVL,HGNC:92,NM_000018.4
ITGA6,HGNC:6142,NM_000210.4
DOCK7,HGNC:19190,NM_001367561.1
COL7A1,HGNC:2214,NM_000094.4
HGF,HGNC:4893,NM_000601.6
SETD5,HGNC:25566,NM_001080517.3
CACNA1A,HGNC:1388,NM_001127222.2
GRN,HGNC:4601,NM_002087.4
TCIRG1,HGNC:11647,NM_006019.4
MEN1,HGNC:7010,NM_001370259.2
EGFR,HGNC:3236,NM_005228.5
DGUOK,HGNC:2858,NM_080916.3
ENG,HGNC:3349,NM_001114753.3
RPE65,HGNC:10294,NM_000329.3
SRD5A3,HGNC:25812,NM_024592.5
PALB2,HGNC:26144,NM_024675.4
CUBN,HGNC:2548,NM_001081.4
EVC,HGNC:3497,NM_153717.3
G6PD,HGNC:4057,NM_001360016.2
BRCA2,HGNC:1101,NM_000059.4
MET,HGNC:7029,NM_000245.4
DMD,HGNC:2928,NM_004006.3
GAMT,HGNC:4136,NM_000156.6
ERCC2,HGNC:3434,NM_000400.4
CEP290,HGNC:29021,NM_025114.4
LDLR,HGNC:6547,NM_000527.5
TSC2,HGNC:12363,NM_000548.5
ZFYVE26,HGNC:20761,NM_015346.4
TSC1,HGNC:12362,NM_000368.5
WRN,HGNC:12791,NM_000553.6
VHL,HGNC:12687,NM_000551.4
PCCA,HGNC:8653,NM_000282.4
PYGM,HGNC:9726,NM_005609.4
COL2A1,HGNC:2200,NM_001844.5
MAPT,HGNC:6893,NM_001377265.1
SLC12A3,HGNC:10912,NM_001126108.2
PHEX,HGNC:8918,NM_000444.6
DSPP,HGNC:3054,NM_014208.3
KMT2A,HGNC:7132,NM_001197104.2
CNGA3,HGNC:2150,NM_001298.3
MSH3,HGNC:7326,NM_002439.5
PRPH2,HGNC:9942,NM_000322.5
GALT,HGNC:4135,NM_000155.4
TTPA,HGNC:12404,NM_000370.3
UROD,HGNC:12591,NM_000374.5
SMPD1,HGNC:11120,NM_000543.5
POLK,HGNC:9183,NM_016218.6
HBB,HGNC:4827,NM_000518.5
TPP1,HGNC:2073,NM_000391.4
G6PC1,HGNC:4056,NM_000151.4
AHI1,HGNC:21575,NM_001134831.2
MUC16,HGNC:15582,NM_001401501.2
BAP1,HGNC:950,NM_004656.4
PCLO,HGNC:13406,NM_033026.6
ZMIZ1,HGNC:16493,NM_020338.4
RET,HGNC:9967,NM_020975.6
SHANK3,HGNC:14294,NM_001372044.2
ATRX,HGNC:886,NM_000489.6
PIGN,HGNC:8967,NM_176787.5
MTHFD1,HGNC:7432,NM_005956.4
PSAP,HGNC:9498,NM_002778.4
SCN2A,HGNC:10588,NM_001040142.2
PDHA1,HGNC:8806,NM_000284.4
BBS1,HGNC:966,NM_024649.5
PKD1;TSC2,-,NM_000548.5
SMARCA4,HGNC:11100,NM_003072.5
CC2D2A,HGNC:29253,NM_001378615.1
DBT,HGNC:2698,NM_001918.5
NBN,HGNC:7652,NM_002485.5
KCNQ1,HGNC:6294,NM_000218.3
MITF,HGNC:7105,NM_001354604.2
ARHGEF9,HGNC:14561,NM_001353921.2
MAN2B1,HGNC:6826,NM_000528.4
SCN5A,HGNC:10593,NM_000335.5
FRAS1,HGNC:19185,NM_025074.7
KIF11,HGNC:6388,NM_004523.4
OPA1,HGNC:8140,NM_130837.3
KIF1C,HGNC:6317,NM_006612.6
ANK2,HGNC:493,NM_001148.6
ALDOB,HGNC:417,NM_000035.4
LMNA,HGNC:6636,NM_170707.4
TRRAP,HGNC:12347,NM_001375524.1
NR5A1,HGNC:7983,NM_004959.5
CLCN1,HGNC:2019,NM_000083.3
FLNC,HGNC:3756,NM_001458.5
EDA,HGNC:3157,NM_001399.5
ANTXR2,HGNC:21732,NM_058172.6
CHD2,HGNC:1917,NM_001271.4
MSH2,HGNC:7325,NM_000251.3
AGRN,HGNC:329,NM_198576.4
MANBA,HGNC:6831,NM_005908.4
GNB5,HGNC:4401,NM_016194.4
PCNT,HGNC:16068,NM_006031.6
FANCC,HGNC:3584,NM_000136.3
RELN,HGNC:9957,NM_005045.4
GATA2,HGNC:4171,NM_032638.5
ABCA12,HGNC:14637,NM_173076.3
POMGNT1,HGNC:19139,NM_017739.4
SLX4,HGNC:23845,NM_032444.4
CHRNA1,HGNC:1955,NM_000079.4
ABCD1,HGNC:61,NM_000033.4
L2HGDH,HGNC:20499,NM_024884.3
FA2H,HGNC:21197,NM_024306.5
FRMD7,HGNC:8079,NM_194277.3
PCDH15,HGNC:14674,NM_001384140.1
ELP1,HGNC:5959,NM_003640.5
OBSCN,HGNC:15719,NM_001386125.1
CDKL5,HGNC:11411,NM_001323289.2
CTNNA1,HGNC:2509,NM_001903.5
POLD1,HGNC:9175,NM_002691.4
ABCA3,HGNC:33,NM_001089.3
SLC2A1,HGNC:11005,NM_006516.4
COL3A1,HGNC:2201,NM_000090.4
MERTK,HGNC:7027,NM_006343.3
CYP27A1,HGNC:2605,NM_000784.4
LZTR1,HGNC:6742,NM_006767.4
DDC,HGNC:2719,NM_001082971.2
MTHFR,HGNC:7436,NM_005957.5
SLC17A5,HGNC:10933,NM_012434.5
SCN4A,HGNC:10591,NM_000334.4
KRAS,HGNC:6407,NM_004985.5
GAA,HGNC:4065,NM_000152.5
ATP6AP2,HGNC:18305,NM_005765.3
ADGRV1,HGNC:17416,NM_032119.4
MLH1,HGNC:7127,NM_000249.4
ZAP70,HGNC:12858,NM_001079.4
ALG3,HGNC:23056,NM_005787.6
VWF,HGNC:12726,NM_000552.5
COL12A1,HGNC:2188,NM_004370.6
GLDC,HGNC:4313,NM_000170.3
CCDC39,HGNC:25244,NM_181426.2
MMACHC,HGNC:24525,NM_015506.3
CGNL1,HGNC:25931,NM_032866.5
RYR1,HGNC:10483,NM_000540.3
PAX3,HGNC:8617,NM_181458.4
LIPA,HGNC:6617,NM_000235.4
CSTB,HGNC:2482,NM_000100.4
CYP11B1,HGNC:2591,NM_000497.4
LRRK1,HGNC:18608,NM_024652.6
KMT2C,HGNC:13726,NM_170606.3
FBN1,HGNC:3603,NM_000138.5
COL9A2,HGNC:2218,NM_001852.4
LRP2,HGNC:6694,NM_004525.3
EXT2,HGNC:3513,NM_207122.2
CACNA1D,HGNC:1391,NM_001128840.3
PAH,HGNC:8582,NM_000277.3
HAND2,HGNC:4808,NM_021973.3
GHR,HGNC:4263,NM_000163.5
MTOR,HGNC:3942,NM_004958.4
PALLD,HGNC:17068,NM_001166108.2
BLM,HGNC:1058,NM_000057.4
SAMHD1,HGNC:15925,NM_015474.4
EYS,HGNC:21555,NM_001142800.2
COL11A2,HGNC:2187,NM_080680.3
ASPA,HGNC:756,NM_000049.4
ABCC6,HGNC:57,NM_001171.6
HEXB,HGNC:4879,NM_000521.4
ALK,HGNC:427,NM_004304.5
LRSAM1,HGNC:25135,NM_001005373.4
H6PD,HGNC:4795,NM_004285.4
POLE,HGNC:9177,NM_006231.4
TSEN54,HGNC:27561,NM_207346.3
PLP1,HGNC:9086,NM_000533.5
SGCA,HGNC:10805,NM_000023.4
DST,HGNC:1090,NM_001374736.1
MAF,HGNC:6776,NM_005360.5
CEBPA,HGNC:1833,NM_004364.5
ALPK3,HGNC:17574,NM_020778.5
COL18A1,HGNC:2195,NM_001379500.1
USH1C,HGNC:12597,NM_153676.4
SBF1,HGNC:10542,NM_002972.4
MSH6,HGNC:7329,NM_000179.3
HGD,HGNC:4892,NM_000187.4
EPG5,HGNC:29331,NM_020964.3
ATP8B1,HGNC:3706,NM_001374385.1
LYST,HGNC:1968,NM_000081.4
KCNQ3,HGNC:6297,NM_004519.4
GALC,HGNC:4115,NM_000153.4
DCHS1,HGNC:13681,NM_003737.4
NOTCH1,HGNC:7881,NM_017617.5
TGFBR2,HGNC:11773,NM_003242.6
SLC25A11,HGNC:10981,NM_003562.5
BCS1L,HGNC:1020,NM_001079866.2
SAMD9,HGNC:1348,NM_017654.4
LOXHD1,HGNC:26521,NM_001384474.1
KIAA0586,HGNC:19960,NM_001329943.3
KIF1B,HGNC:16636,NM_001365951.3
FLNA,HGNC:3754,NM_001110556.2
ZNF341,HGNC:15992,NM_001282933.2
PKLR,HGNC:9020,NM_000298.6
PTEN,HGNC:9588,NM_000314.8
PLAA,HGNC:9043,NM_001031689.3
ZNF469,HGNC:23216,NM_001367624.2
COL5A2,HGNC:2210,NM_000393.5
FLVCR1,HGNC:24682,NM_014053.4
OCA2,HGNC:8101,NM_000275.3
DYNC2H1,HGNC:2962,NM_001377.3
SH3TC2,HGNC:29427,NM_024577.4
COL1A2,HGNC:2198,NM_000089.4
COL4A5,HGNC:2207,NM_033380.3
CFAP53,HGNC:26530,NM_145020.5
CNOT3,HGNC:7879,NM_014516.4
UBA5,HGNC:23230,NM_024818.6
KASH5,HGNC:26520,NM_144688.5
SPAST,HGNC:11233,NM_014946.4
DNAH1,HGNC:2940,NM_015512.5
CASK,HGNC:1497,NM_001367721.1
COL17A1,HGNC:2194,NM_000494.4
FLCN,HGNC:27310,NM_144997.7
GLRX5,HGNC:20134,NM_016417.3
CASQ2,HGNC:1513,NM_001232.4
SYNE1,HGNC:17089,NM_182961.4
SZT2,HGNC:29040,NM_001365999.1
HSPG2,HGNC:5273,NM_005529.7
APOB,HGNC:603,NM_000384.3
BRCA1,HGNC:1100,NM_007294.4
HMCN1,HGNC:19194,NM_031935.3
BMPR1A,HGNC:1076,NM_004329.3
PTPN11,HGNC:9644,NM_002834.5
TBK1,HGNC:11584,NM_013254.4
RAD50,HGNC:9816,NM_005732.4
POT1,HGNC:17284,NM_015450.3
CASR,HGNC:1514,NM_000388.4
GNE,HGNC:23657,NM_005476.7
PTCH1,HGNC:9585,NM_000264.5
ALMS1,HGNC:428,NM_001378454.1
AGK,HGNC:21869,NM_018238.4
AXIN2,HGNC:904,NM_004655.4
ITGA2B,HGNC:6138,NM_000419.5
FASN,HGNC:3594,NM_004104.5
FREM2,HGNC:25396,NM_207361.6
F11,HGNC:3529,NM_000128.4
INPP4A,HGNC:6074,NM_001134225.2
TCF4,HGNC:11634,NM_001083962.2
NPM1,HGNC:7910,NM_002520.7
HBA2,HGNC:4824,NM_000517.6
PAX6,HGNC:8620,NM_001368894.2
CHD7,HGNC:20626,NM_017780.4
GCK,HGNC:4195,NM_000162.5
L1CAM,HGNC:6470,NM_001278116.2
TAF8,HGNC:17300,NM_138572.3
COL4A4,HGNC:2206,NM_000092.5
ATR,HGNC:882,NM_001184.4
SLC7A9,HGNC:11067,NM_014270.5
F8,HGNC:3546,NM_000132.4
STXBP1,HGNC:11444,NM_001032221.6
MYO7A,HGNC:7606,NM_000260.4
OTC,HGNC:8512,NM_000531.6
CACNA1C,HGNC:1390,NM_000719.7
MYO15A,HGNC:7594,NM_016239.4
PKD1,HGNC:9008,NM_001009944.3
RLBP1,HGNC:10024,NM_000326.5
KMT2B,HGNC:15840,NM_014727.3
COG6,HGNC:18621,NM_020751.3
FGFR3,HGNC:3690,NM_000142.5
COL4A1,HGNC:2202,NM_001845.6
ARSA,HGNC:713,NM_000487.6
DNAH9,HGNC:2953,NM_001372.4
AR,HGNC:644,NM_000044.6
ABCC8,HGNC:59,NM_000352.6
ARPC1B,HGNC:704,NM_005720.4
NONO,HGNC:7871,NM_007363.5
SFTPC,HGNC:10802,NM_001317778.2
PNPT1,HGNC:23166,NM_033109.5
CAPN3,HGNC:1480,NM_000070.3
MYH11,HGNC:7569,NM_002474.3
TERT,HGNC:11730,NM_198253.3
GJB1,HGNC:4283,NM_000166.6
PLA2G6,HGNC:9039,NM_003560.4
FLNB,HGNC:3755,NM_001457.4
CHEK2,HGNC:16627,NM_007194.4
FAT4,HGNC:23109,NM_001291303.3
WDR45,HGNC:28912,NM_001029896.2
SPO11,HGNC:11250,NM_012444.3
SYNE2,HGNC:17084,NM_182914.3
IL10RA,HGNC:5964,NM_001558.4
GATA1,HGNC:4170,NM_002049.4
KIT,HGNC:6342,NM_000222.3
AMT,HGNC:473,NM_000481.4
ANKRD11,HGNC:21316,NM_013275.6
YY1,HGNC:12856,NM_003403.5
KCNQ2,HGNC:6296,NM_172107.4
VPS33B,HGNC:12712,NM_018668.5
BTK,HGNC:1133,NM_000061.3
OGDHL,HGNC:25590,NM_018245.3
GNPTAB,HGNC:29670,NM_024312.5
KMT2E,HGNC:18541,NM_182931.3
HUWE1,HGNC:30892,NM_031407.7
ATP6V0A4,HGNC:866,NM_020632.3
IGF1R,HGNC:5465,NM_000875.5
MTM1,HGNC:7448,NM_000252.3
COL27A1,HGNC:22986,NM_032888.4
TNXB,HGNC:11976,NM_001365276.2
MPZ,HGNC:7225,NM_000530.8
SPG11,HGNC:11226,NM_025137.4
AP3B2,HGNC:567,NM_001278512.2
MYH7,HGNC:7577,NM_000257.4
SPTA1,HGNC:11272,NM_003126.4
RUNX2,HGNC:10472,NM_001024630.4
CYP17A1,HGNC:2593,NM_000102.4
COL6A2,HGNC:2212,NM_001849.4
CHD3,HGNC:1918,NM_001005273.3
SELENON,HGNC:15999,NM_020451.2
CTNNB1,HGNC:2514,NM_001904.4
MYT1L,HGNC:7623,NM_001303052.2
SMCHD1,HGNC:29090,NM_015295.3
SPINK5,HGNC:15464,NM_006846.4
HEXA,HGNC:4878,NM_000520.6
ALDH5A1,HGNC:408,NM_001080.3
TUBGCP4,HGNC:16691,NM_014444.5
BTD,HGNC:1122,NM_001370658.1
MYLK,HGNC:7590,NM_053025.4
SCN10A,HGNC:10582,NM_006514.4
FAH,HGNC:3579,NM_000137.4
RNF216,HGNC:21698,NM_207111.4
DOCK8,HGNC:19191,NM_203447.4
CYBB,HGNC:2578,NM_000397.4
CWC27,HGNC:10664,NM_005869.4
ALPK2,HGNC:20565,NM_052947.4
DNAI1,HGNC:2954,NM_012144.4
RPS6KA3,HGNC:10432,NM_004586.3
DLG4,HGNC:2903,NM_001321075.3
ARID1A,HGNC:11110,NM_006015.6
NTRK1,HGNC:8031,NM_002529.4
F9,HGNC:3551,NM_000133.4
PTS,HGNC:9689,NM_000317.3
GUSB,HGNC:4696,NM_000181.4
CPLANE1,HGNC:25801,NM_001384732.1
COLQ,HGNC:2226,NM_005677.4
ASXL1,HGNC:18318,NM_015338.6
DHX37,HGNC:17210,NM_032656.4
RPS15A,HGNC:10389,NM_001019.5
MEF2C,HGNC:6996,NM_002397.5
IL11RA,HGNC:5967,NM_001142784.3
ANTXR1,HGNC:21014,NM_032208.3
NR2E3,HGNC:7974,NM_014249.4
HSD17B10,HGNC:4800,NM_004493.3
SLC25A13,HGNC:10983,NM_014251.3
ZC4H2,HGNC:24931,NM_018684.4
IQSEC2,HGNC:29059,NM_001111125.3
DNAH8,HGNC:2952,NM_001206927.2
AGL,HGNC:321,NM_000642.3
ALOXE3,HGNC:13743,NM_021628.3
FBN2,HGNC:3604,NM_001999.4
CD40,HGNC:11919,NM_001250.6
MPIG6B,HGNC:13937,NM_138272.3
CUL3,HGNC:2553,NM_003590.5
CUL4B,HGNC:2555,NM_001079872.2
UNC80,HGNC:26582,NM_001371986.1
JAK3,HGNC:6193,NM_000215.4
GALNT4;POC1B;POC1B-DUSP6;POC1B-GALNT4,-,NM_003774.5
DPAGT1,HGNC:2995,NM_001382.4
GPR143,HGNC:20145,NM_000273.3
CAMTA1,HGNC:18806,NM_015215.4
FGFR2,HGNC:3689,NM_000141.5
CSRP3,HGNC:2472,NM_003476.5
SLC3A1,HGNC:11025,NM_000341.4
WNK2,HGNC:14542,NM_006648.4
NEUROD1,HGNC:7762,NM_002500.5
LAMP2,HGNC:6501,NM_002294.3
CRYBB2,HGNC:2398,NM_000496.3
IL1RN,HGNC:6000,NM_173842.3
RP2,HGNC:10274,NM_006915.3
SETSIP,HGNC:42937,NM_001287737.2
DLAT,HGNC:2896,NM_001931.5
PAFAH1B1,HGNC:8574,NM_000430.4
RRM2B,HGNC:17296,NM_015713.5
DOK7,HGNC:26594,NM_173660.5
GABRG3,HGNC:4088,NM_033223.5
SCN9A,HGNC:10597,NM_001365536.1
CACNA1E,HGNC:1392,NM_001205293.3
HOGA1,HGNC:25155,NM_138413.4
ANKRD26,HGNC:29186,NM_014915.3
MUTYH,HGNC:7527,NM_001048174.2
MPV17,HGNC:7224,NM_002437.5
PLXNB2,HGNC:9104,NM_012401.4
IBA57,HGNC:27302,NM_001010867.4
FANCM,HGNC:23168,NM_020937.4
NPHP3,HGNC:7907,NM_153240.5
ARL6,HGNC:13210,NM_001278293.3
MYH6,HGNC:7576,NM_002471.4
NOP56,HGNC:15911,NM_006392.4
SACS,HGNC:10519,NM_014363.6
PDGFRA,HGNC:8803,NM_006206.6
KNL1,HGNC:24054,NM_144508.5
CTNS,HGNC:2518,NM_004937.3
FBXL4,HGNC:13601,NM_001278716.2
LRP4,HGNC:6696,NM_002334.4
WEE2,HGNC:19684,NM_001105558.1
ERLIN2,HGNC:1356,NM_007175.8
PIEZO1,HGNC:28993,NM_001142864.4
ATL1,HGNC:11231,NM_015915.5
SFTPB,HGNC:10801,NM_000542.5
SYCP3,HGNC:18130,NM_001177949.2
CCM2,HGNC:21708,NM_031443.4
ADA2,HGNC:1839,NM_001282225.2
CACNA1S,HGNC:1397,NM_000069.3
MLH3,HGNC:7128,NM_001040108.2
SDHA,HGNC:10680,NM_004168.4
